Company,Email
Lee Cooper,[]
Steve%27s Wood Floor Fitting,['info@steveswoodfloorfitting.com']
Sir Robert Peel Pub,[]
Valg Property Ltd,[]
Reformer Pilates 2U Ltd,[]
Uk Best Value,[]
Go See Egypt,[]
Auto Rescue & Recovery,[]
Insypher Ltd,[]
Pueblo Coffee,[]
D&V Decoration & Drywall,[]
Maginnis Maintenance,[]
Dan Bridge Photography,[]
Diane Beck Health-Success Nlp Hypnotherapy,[]
Green Business Trade Ltd,[]
Zion Payments Ltd,[]
Silicon Valley Bank,[]
J Mac & Sons Building & Roofing Ltd,[]
M M Karim Notary Public,[]
Foxtons Greenwich,[]
Foxtons Hampstead,[]
Foxtons Islington,['slington@foxtons.co.uk']
Hoverboard-Uk,[]
R3 Data Recovery Hospital,[]
Occasions For All Children,[]
Empire Chauffeur Ltd,[]
De Beauvoir Cars,[]
Crystal Touch Ltd,[]
Endego Ltd,[]
Whiteleys Cleaners,[]
Nasta Sweets & Savouries,[]
Fridum Ltd,[]
Shuffle Innovations,[]
Sash Window Repairs,[]
CaffÃ¨ Nero - London,[]
Bermondsey Service Station,[]
Waterloo Plumbers Ltd,[]
Paraphrasing,[]
Gynaecologist,[]
Wisemen Builders,[]
A.L.I.,[]
Laura Ashley,[]
Immersive Experiences,[]
One Abacus,[]
El Mojito%27s,[]
Good News Glazing,[]
Gb Roofing,[]
Mendes Restaurant,['mendesrest@gmail.com']
Ace Discos,[]
Glorious Colour,[]
Educational Network It Solutions Ltd,[]
A.K Locksmiths Ltd,[]
Bellamy Central,[]
Fairford Leasing Ltd,['info@fairfordmedical.com']
Fortech Fire & Security Solutions Ltd,[]
Mtech Garage,[]
Crowns Digital,[]
East London Plumbing Ltd,[]
Docklands Property Finder,[]
F A Vaughan Ltd,[]
American Flooring,[]
D Lothian Mobile Hairdressing,[]
Drivetech Services,[]
The Drinks Concierge,"['drinks@cocktailconcierge.ca', 'arr@cocktailconcierge.ca']"
Aj Everclean,[]
Ocean Hair & Beauty,[]
J & E Con%27s Ltd,[]
Help Hear Ltd,[]
Waterloo Plumbers,[]
Lej Tradings,[]
Chiswick Smiles,[]
Bramah Security Centres Ltd,[]
Latina Zumba Classes,[]
Elect Club Personal Introduction Agency,[]
R A Science,[]
Easy Fix House,[]
Collar Club Pet Sitters,[]
Chelsea Decorators,[]
Abercrombie & Fitch,[]
Jm Domestics Cleaning & Commercial Services Ltd,[]
Hiscox,[]
Pk Utility Services Ltd,[]
Umrah Retreat,[]
Positive Nrg Ltd,[]
Number One Carpet Cleaning,[]
Innovations,[]
New Choice Cleaning,[]
Zing Works Ltd,[]
Ultra Fit Solutions,[]
Quinlans Multitrade Ltd,[]
Shaw Trust,[]
Belts Online,[]
Leaf Cars,[]
Tiger Roll Gymnastics Club,['info@tigerroll.co.uk']
Adams Window,[]
B 5 Furniture,[]
Oki Doki Nails & Beauty,['info@oki-dokinails.co']
Slav Amour Ltd,[]
Hello Junk,[]
Chuckhipo Ltd,[]
Airunnesa Ltd,[]
Network London,"['maureen@networklondonpr.com', 'jess@networklondonpr.com']"
Smile Care Agents Ltd,[]
Cool Creative,[]
Exclusive Printers Ltd,[]
Kepos Systems,['sales@kepos.co.uk']
Caring Lane Ltd,[]
Laurence London,[]
Ogar Technology Ltd,[]
Abraham Scaffolding,[]
Hollister Co.,[]
Hollister Co.,[]
Hollister Co.,[]
Creative Window Tint,[]
Root & Branch,[]
Mjv Commercial,[]
Abercrombie Kids,[]
Automatic Driving Lessons With Mike,[]
Quality Roofing & Renovations Ltd,[]
Kinship Therapy,[]
N C Bros,[]
Tff Group,[]
Renaissance,[]
Citicom Ltd,[]
Christyle By Christelle,[]
John Nodes Funeral Service,[]
Atlantic Computer Repairs,[]
Fonehouse,[]
Richmond Dental Hygienist,[]
Uniqueblend Cosmetics,['ade@hotmail.com']
Salahuddin Hajj & Umrah,[]
London Clothing Clearance,[]
Paula & Dragos,[]
Quick Flame,['info@quickflame.ca']
See Your City,[]
Juxtablock.Com,[]
Monster Tuning - Uk Remapping Ltd,[]
Local Locksmith 4U,[]
Efeteach Maths Tutoring,[]
Folly Mixtures,[]
Yasika Sk,[]
Security Risk Specialists,[]
Williams & Associates,[]
Tooting Shopping Mall,[]
Home Improvement Services,[]
Rojen Apartments,[]
Solutions 4 U Recruitment,[]
Efficient Home Energy,[]
Desserts & Sweets Ltd,[]
Dbs Garage Ltd,[]
Concrete Polishers Of London,[]
Belle Noir,[]
Multiproof Ltd,"['info@multiproof.co.in', 'info@multiproof.co.in']"
Eats Roots & Leaves,[]
Bagseyed,[]
Alarms Are Us,[]
Flat Pack Ninja,[]
L.Dentec,[]
Anglo,[]
Daiva%27s Hair Studio,[]
Juice Jealousy,[]
It Daemon,[]
Karppol,[]
Alice In Tattooland,[]
Iq Simply Consulting Ltd,[]
Adana Graphic Supplies Ltd,[]
Exclusive Car Service,['sales@mylimo5.com']
Sparkles Cleaning Services,[]
A W Hanson Images,[]
Principle Plumbing & Heating,[]
W12 Dental & Implant Centre,[]
Quarto Colour,[]
Your Local Handyman,[]
Vega Beauty & Laser Clinic,[]
Bobby%27s Gardening Services Ltd,['info@bobbysgardeningservices.co.uk']
Electric Frog Ltd,[]
Gold Star Stationery Supplies,[]
My Magic Removals,[]
Richmond Hearing Care,[]
West 1 Dental Clinic,['david@harvieaustin.co.uk']
Capital Locksmiths,['mark@capitallocksmiths.com.au']
Dual Fix Ltd,[]
Pro Elite Service Ltd,['info@proeliteservices.com']
London Recruitment Agency,[]
Aqua-Steam Generators Ltd,[]
Np Mobile Mechanics,[]
The Body Therapist Uk,[]
Acctax Consultancy Ltd,[]
Morrisons,[]
John Lewis Plc,[]
Intu Properties Plc,[]
Waadplus Ltd,[]
The May Fair,[]
Geeks Mobile Tyre Services,[]
Star Primary School,['info@star.newham.sch.uk']
Mindlink Language Services Ltd,[]
Anglo Pacific International Plc,[]
Mckenzie Vans Removal Contractors,[]
Muhit & Co,[]
Pump Aid,['fundraising@pumpaid.org']
The Outside Edge Theatre Company,"['admin@edgetc.org', 'admin@edgetc.org']"
Mastadon C,['theteam@mastodonc.com']
South Dental,[]
Eden Caterers Ltd,[]
University College London,[]
Gallery 46 Limited,[]
Medical Research Council,[]
Royal London Hospital Museum,[]
Ual Short Courses Limited,[]
Strettons Chartered Surveyors,[]
Smart Accounting Services Limited,[]
Hellobyte Limited,[]
Gate Of India Restaurant Ltd,[]
E1 Vapes Limited,[]
Whitechapel Estates Ltd,[]
College Of Excellence Ltd,[]
Abc Bookkeeping & Accountancy Ltd,[]
Arnold Gym Gear Limited,[]
Dlm Capital Investors Ltd,[]
Ranees Property Services Ltd,[]
Smm(Uk) Ltd,[]
Motorcade Ltd,[]
Community Believe London Ltd,['info@communitybelieve.com']
Altsplash Ltd,[]
Global Aid Trust,[]
Originate Architecture Ltd,[]
Satin Ivy Laundry Service Limited,[]
Microtimes Ltd,['info@microtimes.co.uk']
Madani Hajj Tours London Ltd,[]
The United Collection Limited,[]
Cw Selection Limited,[]
Radhuni Catering Limited,[]
Canvass Productions Limited,[]
Monk & Turner Solicitors Llp,[]
N F A (Uk) Limited,[]
The Sick Children%27s Trust,[]
East End Lets,[]
United Workwear,[]
Institute Of Dentistry Within Queen Mary University Of London,[]
Heapwell Superfoods Ltd,[]
Scottish & Newcastle Limited,[]
Good Samaritan,[]
Human Care Initiative,[]
Electric Theatre Collective Limited,[]
Care Delivered Ltd,[]
Lawmatic Solicitors Limited,['info@lawmaticsolicitors.com']
Cue Boss,[]
London Supplementary School Limited,[]
Karin Housing Association Ltd,[]
Dr Creative Ltd,[]
Digital Tapestry Limited,[]
Design & Artists Copyright Society Ltd,[]
Art360 Foundation,[]
Artimage Limited,[]
Elizabeth Selby Infants%27 School,[]
Lawdale Junior School,[]
Dpd Parcel Shop Location - Spotless Dry Cleaners,[]
Live Art Development Agency,[]
Mansford Street Unitarian Church,[]
Live Arts Agency,[]
Kaizen Ryu Karate,[]
Oaklands School,[]
Dirty Wknd,[]
No Guilt Bakes Ltd,[]
Sneaker Mission,['sneakermission@gmail.com']
London,[]
Incorporated Edwin Austin Abbey Memorial Scholarships Limited,[]
Jimmy%27s Joinery,['jimmysjoinery1@gmail.com']
Gsf (London) Ltd,[]
London Drainage Services,[]
Investigations Tracing & Sweeping,[]
Field Studies Ltd.,[]
Quaker Social Action,[]
G S F Ltd,[]
Wodu Architects Ltd,[]
Graeme Williamson Architects Limited,[]
April Design Ltd,[]
Native North Limited,[]
Scanlab Projects,[]
Scanlab Ltd,[]
Morizzo Architects,[]
Second Variety Llp,[]
Russian For Fish,[]
Pierre D%27avoine Architects,[]
Yada Yada Productions Ltd,[]
Nom Living,[]
A Portuguese Love Affair Distribution Limited,[]
Arnold Dasilva Limited,[]
Pound Plus London Ltd,[]
The-Common Ltd,[]
The Hairy Canary Limited,[]
The Hungry Canary Limited,[]
Common Ground Workshop Limited,[]
Tikis Hairdressers,[]
The Canary,['hello@thecanary.co']
The Common E2,[]
Spotless Dry Cleaners,[]
Fitzrovia Productions Limited,[]
Eight Books Limited,[]
Anchor Hanover - Silk Court,[]
Silk Court,[]
Tesco Express,[]
Design With Me. Ltd,[]
Konsider Ltd,[]
Bellong Dining Ltd,[]
Private Island Limited,[]
Impossible Limited,[]
The Can-D Food Co. Ltd,[]
Union Gallery,[]
Archio,[]
My Eden Limited,[]
O%27neill Limited,['rbloom@bulkhaul.co.uk']
Broadway Pampered Pets Limited,['info@broadwaypamperedpets.co.uk']
Parkwood Roofing Limited,[]
Boom Sms Limited,[]
Point To Point Couriers Limited,[]
Gt Global Distributors Limited,[]
Knownow Limited,[]
Hot Property Management Ltd,[]
Open Architecture Limited,[]
Equal Productions Ltd,[]
Dach Global Limited,[]
Chronos Networking Limited,[]
Point To Point Couriers (Holding) Limited,[]
Gorgeous Bikes Limited,[]
Anchor Accounting Limited,[]
Wholesale Lighting And Electrical Limited,[]
Anchor Accounting Services Limited,[]
Pharmacy Midlands Limited,[]
Harley Grove Medical Ctr,[]
Dr S Shanmugadasan - Harley Grove Medical Ctr,[]
Gurdwara Sikh Sangat,['gurdwarasikhsangat.org@hotmail.com']
Dr F Suraiya - Harley Grove Medical Ctr,[]
Dr S Ali - Harley Grove Medical Ctr,[]
Dr G Rahman - Harley Grove Medical Ctr,[]
Green Line Cab Company Limited,[]
The Glass-House Community Led Design,[]
Add Dynamics,[]
Swarco Uk Limited,[]
Totesport Limited,[]
The Phoenix Autism Trust,[]
Carlton Freeman Investments Ltd,[]
Onecall.Com Limited,[]
Hammonds Estate Agents,[]
Captium Limited,[]
Signsay Cic,[]
Unshakable Marketing Limited,[]
I C S,[]
Discreet Investigations,[]
Mayors Pharmacy,"['mayors.pharmacy@nhs.net', 'mayors.pharmacy@nhs.net']"
Betfred,[]
Bow Food & Wines,[]
Phoenix School,['thephoenixmandi@gmail.com']
247 Detectives,[]
Bow Tracing Services,[]
Andy Vincent Pt Limited,[]
Central Foundation Girls%27 School,[]
City Electrical Factors Limited,[]
East Thames,['info@east-thames.co.uk']
Amin & Yasmin Ltd,[]
Baptist Insurance Company Plc,[]
Methodist Church Tower Hamlets,['admin@mcth.org.uk']
Camelot Uk Lotteries Limited,[]
